Enfermedad,Secuencia
l'Inflammation Enrag�e,CGTTTA
l'Estomac Rem�diable,GAGCATCT
les Verrues de D�sert,TCTATG
l'Intoxication Impossible,TCATG
la Rougeole Argent�e,TATTGC
l'Anthropophagie de Roc,AGTCTT
la Mort Engourdie,CTAGTT
l'Anxi�t� de Sommeil,ATTACGCG
l'Insuffisance de Sorcier,GTACATCG
la Plaie de Marais,CGATTAGC
le Dysfonctionnement de Diable,TCTGGAAC
les Ampoules de Jungle,ATCATGG
la Peau Sauvage,CACGTAGT
l'Allergie Pestilentielle,TTGCAT
l'Insuffisance de Froid,CTGTA
la Bronchite Horrible,GTACT
les Crampes Violent,GGATATCC
les Yeux Contagieux,GGAATCCT
la Dipht�rie Rampante,GAATGTCC
l'Ulc�re Paralysant,AGTCAGT
l'�ternuement Impossible,TGGACTCA
le Choc Rongeur,TTCAGGA
les Frissons de Dragon,GTCTGCAA
la C�cit� de Contractions,AGTCT
les Yeux de Lion,TAACTGCG
la Scarification Souriante,CTTAG
la Pourriture de Chat,CTTCGAAG
la Rage Inconstante,GTACATG
la St�rilit� de la M�moire,CCAAGGTT
les Verrues d'�tranger,ATCAGGTC
